{
  "timestamp": "2026-07-08T00:09:33.293Z",
  "config": {
    "WARMUP": 5,
    "ITERATIONS": 30,
    "RANDOM_SEED": 3235823343,
    "V1_BINARY": "/home/z/my-project/work/codebase-memory-mcp/build/c/codebase-memory-mcp",
    "V2_DIST": "/home/z/my-project/work/cbm-r19/v2/dist/cli/index.js",
    "SMALL_TARGET": "/home/z/my-project/work/cbm-r19/v2/src",
    "LARGE_TARGET": "/home/z/my-project/work/cbm-r19/v1-reference/src"
  },
  "baselines": {
    "spawnTrue": {
      "n": 20,
      "min": 1.671008,
      "p25": 1.719907,
      "p50": 1.7533935,
      "p75": 1.7795050000000001,
      "p90": 1.827806,
      "p99": 1.8964147999999998,
      "max": 1.89909,
      "mean": 1.7572457,
      "stddev": 0.060038841508726654,
      "cvPct": 3.41664466777336,
      "ci95Low": 1.72421,
      "ci95High": 1.779165
    },
    "spawnNodeEmpty": {
      "n": 20,
      "min": 32.045242,
      "p25": 32.07965975,
      "p50": 32.1093695,
      "p75": 32.16488075,
      "p90": 32.281187100000004,
      "p99": 32.4015972,
      "max": 32.402133,
      "mean": 32.147341999999995,
      "stddev": 0.0999134326029288,
      "cvPct": 0.3107984249613197,
      "ci95Low": 32.083629,
      "ci95High": 32.158023
    }
  },
  "workloads": [
    {
      "name": "SMALL",
      "desc": "42 files, V2 single-thread path",
      "target": "/home/z/my-project/work/cbm-r19/v2/src",
      "expectParallel": false,
      "v1": {
        "time": {
          "n": 30,
          "min": 364.518898,
          "p25": 364.58485974999996,
          "p50": 364.61818900000003,
          "p75": 364.68353225,
          "p90": 414.7111079,
          "p99": 414.84381511,
          "max": 414.87129,
          "mean": 371.3372089333334,
          "stddev": 17.037331022748813,
          "cvPct": 4.588102299709897,
          "ci95Low": 364.597805,
          "ci95High": 364.64197
        },
        "rss": {
          "n": 30,
          "min": 35728,
          "p25": 35877,
          "p50": 35950,
          "p75": 36073,
          "p90": 37921.6,
          "p99": 38017.04,
          "max": 38024,
          "mean": 36346.53333333333,
          "stddev": 797.6114230765643,
          "cvPct": 2.194463542813522,
          "ci95Low": 35896,
          "ci95High": 35980
        },
        "nodes": [
          538
        ],
        "edges": [
          1681
        ],
        "rawTimes": [
          364.522531,
          364.761803,
          364.594363,
          364.550561,
          364.653572,
          414.70988,
          364.54542,
          364.581692,
          364.617611,
          364.595611,
          364.623702,
          364.64197,
          364.621788,
          414.776549,
          365.864482,
          414.87129,
          364.627153,
          364.759303,
          364.534805,
          364.693519,
          414.722159,
          364.518898,
          364.597805,
          364.599495,
          364.598583,
          364.534843,
          364.614115,
          364.618767,
          364.633908,
          364.53009
        ]
      },
      "v2": {
        "time": {
          "n": 30,
          "min": 414.960273,
          "p25": 416.321099,
          "p50": 421.1686065,
          "p75": 465.32464000000004,
          "p90": 469.9023809,
          "p99": 471.50443883,
          "max": 472.092783,
          "mean": 438.30423749999994,
          "stddev": 24.12560228119767,
          "cvPct": 5.504305050483952,
          "ci95Low": 417.922027,
          "ci95High": 465.249471
        },
        "rss": {
          "n": 30,
          "min": 105888,
          "p25": 108396,
          "p50": 109360,
          "p75": 112570,
          "p90": 114574.8,
          "p99": 116002.84,
          "max": 116004,
          "mean": 110362.4,
          "stddev": 2783.2988772318363,
          "cvPct": 2.5219629848860086,
          "ci95Low": 108896,
          "ci95High": 111740
        },
        "nodes": [
          730
        ],
        "edges": [
          688
        ],
        "rawTimes": [
          416.259705,
          414.960273,
          465.202758,
          415.343682,
          417.595132,
          415.27677,
          466.605777,
          420.11003,
          472.092783,
          415.060115,
          465.249471,
          415.103786,
          420.862635,
          469.955516,
          465.335097,
          465.192626,
          465.95681,
          467.110608,
          415.099137,
          415.109296,
          465.293269,
          418.28573,
          417.922027,
          416.505281,
          470.06401,
          434.741691,
          419.686541,
          431.775514,
          469.896477,
          421.474578
        ]
      },
      "mannWhitney": {
        "U1": 0,
        "U2": 900,
        "pValue": 3.036060292060938e-11,
        "z": 6.64559922588161
      },
      "cliffsDelta": -1,
      "extractionOnly": {
        "v1": {
          "n": 30,
          "min": 362.76550449999996,
          "p25": 362.83146624999995,
          "p50": 362.8647955,
          "p75": 362.93013874999997,
          "p90": 412.9577144,
          "p99": 413.09042160999996,
          "max": 413.1178965,
          "mean": 369.5838154333333,
          "stddev": 17.03733102274882,
          "cvPct": 4.609869347978,
          "ci95Low": 362.8444115,
          "ci95High": 362.8885765
        },
        "v2": {
          "n": 30,
          "min": 382.85090349999996,
          "p25": 384.2117295,
          "p50": 389.059237,
          "p75": 433.2152705,
          "p90": 437.7930114,
          "p99": 439.39506933,
          "max": 439.9834135,
          "mean": 406.1948679999999,
          "stddev": 24.12560228119767,
          "cvPct": 5.939415827675518,
          "ci95Low": 385.8126575,
          "ci95High": 433.1401015
        }
      }
    },
    {
      "name": "LARGE",
      "desc": "~120 files, V2 parallel path",
      "target": "/home/z/my-project/work/cbm-r19/v1-reference/src",
      "expectParallel": true,
      "v1": {
        "time": {
          "n": 30,
          "min": 1366.35774,
          "p25": 1416.5988710000001,
          "p50": 1416.7114660000002,
          "p75": 1418.1145080000001,
          "p90": 1447.0318737,
          "p99": 1468.94103645,
          "max": 1469.407123,
          "mean": 1414.8870192333334,
          "stddev": 26.465360994941687,
          "cvPct": 1.870492882836831,
          "ci95Low": 1416.631911,
          "ci95High": 1417.14956
        },
        "rss": {
          "n": 30,
          "min": 118508,
          "p25": 120714,
          "p50": 121822,
          "p75": 123662,
          "p90": 125586,
          "p99": 126752.32,
          "max": 127040,
          "mean": 122288.93333333333,
          "stddev": 2261.48356812268,
          "cvPct": 1.8492953585246854,
          "ci95Low": 120880,
          "ci95High": 123460
        },
        "nodes": [
          2381
        ],
        "edges": [
          8569
        ],
        "rawTimes": [
          1416.620327,
          1366.57484,
          1366.35774,
          1368.023143,
          1367.517567,
          1416.631911,
          1417.14956,
          1416.735294,
          1416.819939,
          1416.591719,
          1418.412198,
          1417.002765,
          1467.799928,
          1417.221438,
          1416.904693,
          1416.687638,
          1419.081166,
          1420.049457,
          1366.393328,
          1417.147281,
          1416.66905,
          1416.648084,
          1416.446461,
          1416.500872,
          1467.032355,
          1416.631824,
          1416.64301,
          1420.100268,
          1444.809598,
          1469.407123
        ]
      },
      "v2": {
        "time": {
          "n": 30,
          "min": 1148.071273,
          "p25": 1182.70684575,
          "p50": 1217.2754965,
          "p75": 1218.9227555,
          "p90": 1269.1357023,
          "p99": 1304.16209926,
          "max": 1317.09323,
          "mean": 1213.9669610999997,
          "stddev": 37.19867654813714,