{
  "timestamp": "2026-07-08T01:37:04.793Z",
  "config": {
    "WARMUP": 5,
    "ITERATIONS": 30,
    "RANDOM_SEED": 3235823343,
    "V1_BINARY": "/home/z/my-project/work/codebase-memory-mcp/build/c/codebase-memory-mcp",
    "V2_DIST": "/home/z/my-project/work/cbm-r19/v2/dist/cli/index.js",
    "SMALL_TARGET": "/home/z/my-project/work/cbm-r19/v2/src",
    "LARGE_TARGET": "/home/z/my-project/work/cbm-r19/v1-reference/src"
  },
  "baselines": {
    "spawnTrue": {
      "n": 20,
      "min": 1.745915,
      "p25": 1.80896625,
      "p50": 1.830489,
      "p75": 1.86191525,
      "p90": 1.8892602,
      "p99": 1.94926365,
      "max": 1.956344,
      "mean": 1.8378747500000003,
      "stddev": 0.04772205840266637,
      "cvPct": 2.59658926173649,
      "ci95Low": 1.818713,
      "ci95High": 1.858947
    },
    "spawnNodeEmpty": {
      "n": 20,
      "min": 21.169209,
      "p25": 22.25840075,
      "p50": 23.361595,
      "p75": 24.459673000000002,
      "p90": 24.553249700000002,
      "p99": 24.60810164,
      "max": 24.616983,
      "mean": 23.26659995,
      "stddev": 1.2330230802522104,
      "cvPct": 5.29954132921003,
      "ci95Low": 22.306997,
      "ci95High": 24.443521
    }
  },
  "workloads": [
    {
      "name": "SMALL",
      "desc": "42 files, V2 single-thread path",
      "target": "/home/z/my-project/work/cbm-r19/v2/src",
      "expectParallel": false,
      "v1": {
        "time": {
          "n": 30,
          "min": 355.61565,
          "p25": 361.64090375,
          "p50": 363.916653,
          "p75": 367.31921975,
          "p90": 372.16382130000005,
          "p99": 418.97936538000005,
          "max": 432.535757,
          "mean": 367.4149880333333,
          "stddev": 13.777788790597768,
          "cvPct": 3.7499256261554015,
          "ci95Low": 362.371685,
          "ci95High": 366.380448
        },
        "rss": {
          "n": 30,
          "min": 35760,
          "p25": 35860,
          "p50": 35956,
          "p75": 36112,
          "p90": 37373.2,
          "p99": 38039.76,
          "max": 38056,
          "mean": 36258.13333333333,
          "stddev": 686.3373190753622,
          "cvPct": 1.892919618242975,
          "ci95Low": 35888,
          "ci95High": 36036
        },
        "nodes": [
          539
        ],
        "edges": [
          1685
        ],
        "rawTimes": [
          370.673379,
          357.568358,
          367.388003,
          368.594379,
          360.707215,
          358.547283,
          363.37699,
          362.371685,
          365.515186,
          360.526444,
          365.574447,
          366.380448,
          365.242012,
          358.109329,
          370.522747,
          432.535757,
          362.179201,
          361.919042,
          385.577802,
          367.11287,
          370.152036,
          362.755145,
          355.61565,
          362.999098,
          361.374354,
          362.575478,
          385.789579,
          364.456316,
          361.548191,
          364.761217
        ]
      },
      "v2": {
        "time": {
          "n": 30,
          "min": 414.048456,
          "p25": 427.0078655,
          "p50": 432.41486899999995,
          "p75": 442.25456775,
          "p90": 458.5793479,
          "p99": 479.56229193,
          "max": 485.431568,
          "mean": 436.1862932,
          "stddev": 15.749272324781487,
          "cvPct": 3.61067566090623,
          "ci95Low": 429.608596,
          "ci95High": 439.363708
        },
        "rss": {
          "n": 30,
          "min": 107368,
          "p25": 109727,
          "p50": 110226,
          "p75": 112814,
          "p90": 115371.6,
          "p99": 117231.8,
          "max": 117632,
          "mean": 111229.33333333333,
          "stddev": 2625.7592341179256,
          "cvPct": 2.360671556170368,
          "ci95Low": 109768,
          "ci95High": 110864
        },
        "nodes": [
          733
        ],
        "edges": [
          881
        ],
        "rawTimes": [
          431.382006,
          442.919076,
          429.515717,
          457.848476,
          429.608596,
          465.192685,
          432.815571,
          444.009563,
          433.785348,
          428.499419,
          430.367475,
          439.178829,
          423.278636,
          414.598149,
          438.534806,
          414.048456,
          420.810404,
          465.157195,
          419.023062,
          419.791242,
          430.425201,
          422.814929,
          426.510681,
          441.024048,
          442.664741,
          434.619411,
          439.363708,
          432.014167,
          485.431568,
          450.355631
        ]
      },
      "mannWhitney": {
        "U1": 15,
        "U2": 885,
        "pValue": 1.335107580047179e-10,
        "z": 6.423832844595238
      },
      "cliffsDelta": -0.9666666666666667,
      "extractionOnly": {
        "v1": {
          "n": 30,
          "min": 353.785161,
          "p25": 359.81041474999995,
          "p50": 362.086164,
          "p75": 365.48873075,
          "p90": 370.33333230000005,
          "p99": 417.14887638000005,
          "max": 430.705268,
          "mean": 365.5844990333334,
          "stddev": 13.777788790597771,
          "cvPct": 3.7687015798067347,
          "ci95Low": 360.541196,
          "ci95High": 364.549959
        },
        "v2": {
          "n": 30,
          "min": 390.68686099999996,
          "p25": 403.64627049999996,
          "p50": 409.053274,
          "p75": 418.89297274999996,
          "p90": 435.2177529,
          "p99": 456.20069693,
          "max": 462.069973,
          "mean": 412.8246982,
          "stddev": 15.749272324781487,
          "cvPct": 3.8150024437616086,
          "ci95Low": 406.24700099999995,
          "ci95High": 416.00211299999995
        }
      }
    },
    {
      "name": "LARGE",
      "desc": "~120 files, V2 parallel path",
      "target": "/home/z/my-project/work/cbm-r19/v1-reference/src",
      "expectParallel": true,
      "v1": {
        "time": {
          "n": 30,
          "min": 1377.503042,
          "p25": 1396.7130055,
          "p50": 1417.9000944999998,
          "p75": 1438.47006225,
          "p90": 1456.4104004,
          "p99": 1472.14903719,
          "max": 1473.892601,
          "mean": 1419.3337393666668,
          "stddev": 26.303220793997603,
          "cvPct": 1.853209013810564,
          "ci95Low": 1406.00767,
          "ci95High": 1432.775998
        },
        "rss": {
          "n": 30,
          "min": 117392,
          "p25": 118747,
          "p50": 119864,
          "p75": 122700,
          "p90": 123255.2,
          "p99": 127812.6,
          "max": 129280,
          "mean": 120693.33333333333,
          "stddev": 2605.22906649087,
          "cvPct": 2.1585525849184184,
          "ci95Low": 119244,
          "ci95High": 122444
        },
        "nodes": [
          2381
        ],
        "edges": [
          8569
        ],
        "rawTimes": [
          1384.356466,
          1444.202859,
          1467.880312,
          1439.173251,
          1379.682371,
          1424.93945,
          1377.503042,
          1396.33205,
          1405.8099,
          1395.682517,
          1473.892601,
          1411.940129,
          1416.955548,
          1397.855872,
          1390.622556,
          1416.104971,
          1440.233318,
          1420.90392,
          1442.887551,
          1432.775998,
          1436.360496,
          1390.865778,
          1420.323513,
          1455.192188,
          1467.374312,
          1428.032883,
          1409.262604,
          1406.00767,
          1418.844641,
          1388.013414
        ]
      },
      "v2": {
        "time": {
          "n": 30,
          "min": 1162.629013,
          "p25": 1190.239039,
          "p50": 1208.4844054999999,
          "p75": 1225.76844075,
          "p90": 1239.0779102,
          "p99": 1253.44164261,
          "max": 1258.425812,
          "mean": 1207.8528221999998,