{
  "timestamp": "2026-07-08T00:31:28.049Z",
  "config": {
    "WARMUP": 5,
    "ITERATIONS": 30,
    "RANDOM_SEED": 3235823343,
    "V1_BINARY": "/home/z/my-project/work/codebase-memory-mcp/build/c/codebase-memory-mcp",
    "V2_DIST": "/home/z/my-project/work/cbm-r19/v2/dist/cli/index.js",
    "SMALL_TARGET": "/home/z/my-project/work/cbm-r19/v2/src",
    "LARGE_TARGET": "/home/z/my-project/work/cbm-r19/v1-reference/src"
  },
  "baselines": {
    "spawnTrue": {
      "n": 20,
      "min": 1.907396,
      "p25": 1.9284744999999999,
      "p50": 1.9419520000000001,
      "p75": 1.9767747500000001,
      "p90": 2.0329938,
      "p99": 2.2686764399999997,
      "max": 2.30746,
      "mean": 1.9747156000000001,
      "stddev": 0.08818148499169197,
      "cvPct": 4.465528352117741,
      "ci95Low": 1.93027,
      "ci95High": 1.976725
    },
    "spawnNodeEmpty": {
      "n": 20,
      "min": 22.540719,
      "p25": 25.63625325,
      "p50": 26.45131,
      "p75": 30.708589,
      "p90": 35.182770600000005,
      "p99": 55.76916539999998,
      "max": 59.469822,
      "mean": 29.508968749999998,
      "stddev": 8.048214140262312,
      "cvPct": 27.27378990586485,
      "ci95Low": 26.013063,
      "ci95High": 30.67016
    }
  },
  "workloads": [
    {
      "name": "SMALL",
      "desc": "42 files, V2 single-thread path",
      "target": "/home/z/my-project/work/cbm-r19/v2/src",
      "expectParallel": false,
      "v1": {
        "time": {
          "n": 30,
          "min": 357.845947,
          "p25": 361.6570345,
          "p50": 365.74765449999995,
          "p75": 368.91928475,
          "p90": 375.2148893,
          "p99": 418.81692672,
          "max": 433.758983,
          "mean": 368.2701414333334,
          "stddev": 13.572590991307607,
          "cvPct": 3.6854986229625144,
          "ci95Low": 362.776684,
          "ci95High": 366.903657
        },
        "rss": {
          "n": 30,
          "min": 35788,
          "p25": 35869,
          "p50": 35902,
          "p75": 36032,
          "p90": 37998,
          "p99": 39141.840000000004,
          "max": 39520,
          "mean": 36360.26666666667,
          "stddev": 963.8090728400978,
          "cvPct": 2.6507205837510295,
          "ci95Low": 35880,
          "ci95High": 35976
        },
        "nodes": [
          538
        ],
        "edges": [
          1681
        ],
        "rawTimes": [
          433.758983,
          364.693993,
          357.845947,
          361.038108,
          363.90424,
          366.067873,
          362.446756,
          362.776684,
          358.638398,
          360.653792,
          372.561658,
          362.053273,
          372.911885,
          365.899413,
          364.846523,
          366.031734,
          366.416741,
          368.942972,
          381.49502,
          374.517097,
          361.524955,
          365.595896,
          382.234651,
          371.125047,
          366.678734,
          366.903657,
          359.90162,
          368.848223,
          358.839209,
          358.951161
        ]
      },
      "v2": {
        "time": {
          "n": 30,
          "min": 404.659562,
          "p25": 426.76861899999994,
          "p50": 438.00433799999996,
          "p75": 450.75590900000003,
          "p90": 463.8145562,
          "p99": 512.18098723,
          "max": 523.034473,
          "mean": 441.1492153,
          "stddev": 23.077749695728144,
          "cvPct": 5.231279779118343,
          "ci95Low": 428.780243,
          "ci95High": 442.932772
        },
        "rss": {
          "n": 30,
          "min": 106172,
          "p25": 109196,
          "p50": 109714,
          "p75": 115020,
          "p90": 115548.4,
          "p99": 116568,
          "max": 116568,
          "mean": 111542.53333333334,
          "stddev": 3097.0775873752705,
          "cvPct": 2.7765888892983757,
          "ci95Low": 109280,
          "ci95High": 114104
        },
        "nodes": [
          730
        ],
        "edges": [
          876
        ],
        "rawTimes": [
          416.048919,
          415.878794,
          431.205072,
          485.60866,
          438.359646,
          523.034473,
          450.914976,
          472.436711,
          425.540425,
          417.32817,
          428.780243,
          426.496476,
          404.659562,
          442.932772,
          458.428341,
          427.585048,
          442.17756,
          442.734504,
          435.02473,
          454.404112,
          439.307405,
          437.64903,
          427.838873,
          434.623378,
          438.381168,
          462.856539,
          426.102361,
          450.278708,
          421.617639,
          456.242164
        ]
      },
      "mannWhitney": {
        "U1": 12,
        "U2": 888,
        "pValue": 9.966583114362493e-11,
        "z": 6.468186120852512
      },
      "cliffsDelta": -0.9733333333333334,
      "extractionOnly": {
        "v1": {
          "n": 30,
          "min": 355.903995,
          "p25": 359.7150825,
          "p50": 363.80570249999994,
          "p75": 366.97733274999996,
          "p90": 373.27293729999997,
          "p99": 416.87497472,
          "max": 431.817031,
          "mean": 366.3281894333333,
          "stddev": 13.572590991307607,
          "cvPct": 3.7050359166469855,
          "ci95Low": 360.834732,
          "ci95High": 364.961705
        },
        "v2": {
          "n": 30,
          "min": 378.208252,
          "p25": 400.317309,
          "p50": 411.55302800000004,
          "p75": 424.30459900000005,
          "p90": 437.36324620000005,
          "p99": 485.7296772300001,
          "max": 496.58316300000007,
          "mean": 414.69790529999995,
          "stddev": 23.077749695728148,
          "cvPct": 5.56495448874604,
          "ci95Low": 402.328933,
          "ci95High": 416.481462
        }
      }
    },
    {
      "name": "LARGE",
      "desc": "~120 files, V2 parallel path",
      "target": "/home/z/my-project/work/cbm-r19/v1-reference/src",
      "expectParallel": true,
      "v1": {
        "time": {
          "n": 30,
          "min": 1388.767753,
          "p25": 1404.2198055,
          "p50": 1421.740491,
          "p75": 1432.8050675,
          "p90": 1443.2091277,
          "p99": 1473.17909808,
          "max": 1483.848763,
          "mean": 1421.4133064666667,
          "stddev": 19.964098580875113,
          "cvPct": 1.40452453132732,
          "ci95Low": 1410.577154,
          "ci95High": 1431.17232
        },
        "rss": {
          "n": 30,
          "min": 117748,
          "p25": 120492,
          "p50": 121238,
          "p75": 122004,
          "p90": 123850.8,
          "p99": 127270.84,
          "max": 127736,
          "mean": 121616.93333333333,
          "stddev": 1980.392333744896,
          "cvPct": 1.6283853567635558,
          "ci95Low": 120896,
          "ci95High": 121780
        },
        "nodes": [
          2381
        ],
        "edges": [
          8569
        ],
        "rawTimes": [
          1483.848763,
          1426.712851,
          1428.042734,
          1407.612425,
          1442.801286,
          1397.001312,
          1434.844136,
          1400.402507,
          1410.577154,
          1402.932072,
          1428.340669,
          1394.070934,
          1434.539267,
          1430.31056,
          1388.767753,
          1399.832668,
          1441.184806,
          1421.919441,
          1415.159094,
          1447.056815,
          1405.229241,
          1446.879703,
          1403.621488,
          1432.899119,
          1412.034343,
          1421.561541,
          1432.522913,
          1431.17232,
          1416.637952,
          1403.883327
        ]
      },
      "v2": {
        "time": {
          "n": 30,
          "min": 1164.473533,
          "p25": 1185.3569952500002,
          "p50": 1204.5373495,
          "p75": 1225.8026264999999,
          "p90": 1244.2730923,
          "p99": 1257.87190179,
          "max": 1258.548544,